{
  "assetsByChunkName": {
    "vendors~app-account~app-checkout~app-confirmation~app-order": "chunk.b4a83682a7c3bd566339.js",
    "vendors~app-account~app-checkout": "chunk.5dcf79f707ae961a67bd.js",
    "admin": [
      "admin.e1867a3b6b96e959d92d.js",
      "admin.e1867a3b6b96e959d92d.js.map"
    ],
    "app-account": "chunk.224fe8228367ab4ab60a.js",
    "app-confirmation": "chunk.891b53f12c92522f5236.js",
    "app-order": "chunk.9712999e93ab25a39aeb.js",
    "checkout": [
      "checkout.94d1714e7789c3b0d0ed.js",
      "checkout.94d1714e7789c3b0d0ed.js.map"
    ],
    "storefront": [
      "storefront.7cf426840d62e724fd00.css",
      "storefront.ede36d022dffed0ba1c9.js",
      "storefront.7cf426840d62e724fd00.css.map",
      "storefront.ede36d022dffed0ba1c9.js.map"
    ],
    "vendors~app-account": "chunk.33402aa7dd7a176143b2.js",
    "vendors~app-cart": "chunk.2054738f26df9224929c.js",
    "vendors~app-checkout": "chunk.15ba7b6fbeda725fe2c1.js"
  }
}